MTD,Number,Amount
1-Nov,55.97612805,928.7960827
2-Nov,39.14446346,577.5473361
3-Nov,62.93583278,154.9191521
4-Nov,53.51506698,682.5852898
5-Nov,63.61994719,651.4608302
6-Nov,24.49702412,372.9184086
7-Nov,8.796953472,764.6828745
8-Nov,79.88473486,229.4156037
9-Nov,83.7750354,455.05879
10-Nov,61.73097229,640.0877505
11-Nov,48.30914551,757.8953375
12-Nov,16.07065009,205.0337781
13-Nov,36.19337524,189.8290828
14-Nov,95.52205634,285.2252821
